created,text
2021-11-26 3:59:04,"Jaehyun's Amazing Actingâ¤â¤ğŸ˜˜ğŸ¥°

#JAEHYUN #jamal #NCT #NCT127_Favorite #NCT127 #NCT2021 https://t.co/E2i3P28Rvg"
2021-11-26 3:55:36,ngl the name #JAMAL suits Jaehyunnn thooo
2021-11-26 3:24:40,RT @Jamal_the_cat: He loved the leaves heâ€™s so precious #CatsOfTwitter #jamal #HappyThanksgiving https://t.co/kZUjeSKkDQ
2021-11-26 1:19:11,RT @Jamal_the_cat: He loved the leaves heâ€™s so precious #CatsOfTwitter #jamal #HappyThanksgiving https://t.co/kZUjeSKkDQ
2021-11-26 1:19:05,He loved the leaves heâ€™s so precious #CatsOfTwitter #jamal #HappyThanksgiving https://t.co/kZUjeSKkDQ
2021-11-25 23:26:02,"Happy Thanksgiving to you beautiful people! 

#HappyThanksgiving #Wanda #jamal #gratitude https://t.co/d2rY1lJcu7"
2021-11-25 16:59:53,I will create a killer corporate video ad for your business or brand please check it out! https://t.co/iT4lV8TVz2â€¦ https://t.co/m1VMjOD4MR
2021-11-25 13:54:36,#JAMAL TRENDING LAGE?!?!ğŸ¥²
2021-11-25 13:40:09,"#jamal hello this is Jamal speaking, how's ur day everyone?

ANJGG PASRAH LOYO LETIH LESU LETOY LUNGLAY"
2021-11-25 12:35:53,"RT @UmmeNoreen: #STANWORLD #jongin #JAKERED #Jamal 
I will do real and organic best #youtube #promotion by google ads
#youtubesubscribers #â€¦"
2021-11-25 12:35:43,"RT @abidshazid: #STANWORLD #jongin #JAKERED #Jamal 
I will do real and #Organic #YouTube #Promotion to Increase your views
#youtubesubscribâ€¦"
2021-11-25 12:33:09,"#JAEHYUN 
#jamal
@NCTsmtown_127
ğŸ’­Deep voice messageğŸ’¥ğŸ’¥ğŸ’£ğŸ’£ğŸ’€ğŸ’€â˜ ï¸â˜ ï¸ğŸ”¥ğŸ”¥

ğŸ—£ : hello this is jamal speaking, how's your day eâ€¦ https://t.co/zhaMFPHvqj"
2021-11-25 12:27:45,"RT @abidshazid: #STANWORLD #jongin #JAKERED #Jamal 
Blow up your
#Music Promotion With
* #SocialMedia #Marketing
* #Mail Marketing
* #Googlâ€¦"
2021-11-25 12:27:22,"#STANWORLD #jongin #JAKERED #Jamal 
I will do real and organic best #youtube #promotion by google adsâ€¦ https://t.co/gSTuZhL94q"
2021-11-25 12:23:33,"#STANWORLD #jongin #JAKERED #Jamal 
Blow up your
#Music Promotion With
* #SocialMedia #Marketing
* #Mail Marketingâ€¦ https://t.co/71dm8KhBEE"
2021-11-25 12:10:45,"#STANWORLD #jongin #JAKERED #Jamal 
I will do real and #Organic #YouTube #Promotion to Increase your viewsâ€¦ https://t.co/AYhZWBvkIc"
2021-11-25 12:07:59,"#STANWORLD #jongin #JAKERED #Jamal 
I will do best #organic #youtube #promotion by google ads to boost your views wâ€¦ https://t.co/DeCF6tBY1A"
2021-11-25 12:04:33,"RT @abidshazid: #STANWORLD #jongin #JAKERED #Jamal 
Blow up your
#Music Promotion With
* #SocialMedia #Marketing
* #Mail Marketing
* #Googlâ€¦"
2021-11-25 12:04:03,"#STANWORLD #jongin #JAKERED #Jamal 
Blow up your
#Music Promotion With
* #SocialMedia #Marketing
* #Mail Marketingâ€¦ https://t.co/lgJlDIaVsM"
2021-11-25 12:00:28,"#STANWORLD #jongin #JAKERED #Jamal 
I will do #Organic #YouTube #Promotion by #google Ads for Increaseâ€¦ https://t.co/s31Kkc1BYx"
2021-11-25 11:58:02,"#STANWORLD #jongin #JAKERED #Jamal 
I will do #SpotifyPromotion for increase #Spotify #Spotifystreamâ€¦ https://t.co/KrooNWSzKl"
2021-11-25 11:54:21,"#STANWORLD #jongin #JAKERED #Jamal 
Blow up your
#Music Promotion With
* #SocialMedia #Marketing
* #Mail Marketingâ€¦ https://t.co/KmYXGM4iCc"
2021-11-25 11:45:38,Me after hear #jamal deep voice + he eng accent // ğŸ˜­ helpppp https://t.co/eaJEmxrC0M
2021-11-25 11:45:35,"#NewProfilePic2021_November 
#jamal #jaehyunrichard luvs @aldenrichards02 https://t.co/ZKWLrtneZd"
2021-11-25 11:23:37,"Jamallll I love you ti abiğŸ–¤
#JAEHYUN 
#jamal https://t.co/PPmssRNG04"
2021-11-25 11:16:46,"HELLO THIS IS #jamal SPEAKING HOW'S YOUR DAY EVERYONE? 
yaallah pengen nangis rasanyağŸ˜« https://t.co/fUGckX9voW"
2021-11-25 11:15:37,"JAMAL #JAMAL 
ILY ILY ILYYYYğŸ’“ğŸ’“ğŸ’“ https://t.co/7VvbZmHKh6"
2021-11-25 11:01:19,"â€œhello this is jamal speaking, howâ€™s your dayâ€ ğŸ˜­ğŸ˜­ #jamal #JAEHYUN"
2021-11-25 10:58:27,"JAMAL is Jaehyun's Indonesian Nickname, main while JAMAL in Arabic means ""super handsome"" and it's perfectly on poiâ€¦ https://t.co/XCtW66dyaR"
2021-11-25 10:51:13,"RT @KaderiminPH: The Game of My Destiny first poster has been released!

            #AkÄ±nAkinozu | #Jamal
      #KaderiminOyun | #AsCemâ€¦"
2021-11-25 10:50:56,Jamal on point #jamal #JAEHYUN #NCTëŸ°ì¥” https://t.co/aGtTsoiU4Z
2021-11-25 10:32:18,"His voice so addictive ğŸ˜

#Jamal
#Jaehyun https://t.co/oq59lqdgrQ"
2021-11-25 10:23:46,what happened with #jamal ?
2021-11-25 9:50:32,"ALWAYS ON JAEHYUN SIDE
#jamal #JaeHyun #NCT127 #NCT_Universe"
2021-11-25 9:44:05,"MAS JAMAL Speaking woyyy ğŸ˜­ 
I'm not good jamal ã…  
TBL TBL TBL !!! 
#jamal https://t.co/dqfwgdD4J8"
2021-11-25 9:37:28,"OMG.... JAMAL WITH DEEP VOICE.. I CAN'T.... ğŸ˜­ğŸ˜­ğŸ˜­
@NCTsmtown_127
#jamal #JaeHyun #jungjaehyun #jaehyunnct #jungyoonohâ€¦ https://t.co/SH9ouECWfx"
2021-11-25 9:24:28,"Checkout di toko ini dalam Shopee! THE BODY SHOP BLACK FRIDAY TREAT DISCOUNT UP TO 30%: https://t.co/Z8lTKwYLrS

#ShopeeID 
#jamal"
2021-11-25 9:23:52,"Checkout di toko ini dalam Shopee! Nestle OS_Payday Campaign: https://t.co/m2WmkXASUZ
#ShopeeID
#jamal"
2021-11-25 9:22:45,"OMG~
JAMAL's VOICE ğŸ¥°ğŸ¥°ğŸ¥°

#JAEHYUN #JAMAL
#GelembungCinta #NCT ğŸ’š https://t.co/aP7CnIlqRO"
2021-11-25 9:21:58,"Jaehyun's bubble update today :

""Hello this is Jamal speaking, how's your day everyone""

VALS!!!! HE LOVES HIS INDâ€¦ https://t.co/rU5g7BcQH4"
2021-11-25 9:18:11,"""HELLO THIS IS JAMAL'S SPEAKING, HOWS UR DAY EVERYONE?"" 
ğŸ˜­ğŸ˜­ğŸ˜­ğŸ¤§ğŸ¤§ğŸ¤§ğŸ¤§

Mleyot gw.. sumpah tiba2 ada notif bbl uwaaaa 
#JAEHYUN #jamal"
2021-11-25 9:15:32,"Jamal ku sayanggggggg ğŸ’œğŸ’œğŸ’œğŸ’œ
I love Jamal so much â¤

#Jaehyun #Jamal"
2021-11-25 9:14:23,"YA ALLAH JAEHYUN ğŸ˜­ğŸ˜­ğŸ˜­ğŸ˜­ğŸ˜­

""hello this is Jamal speaking. how's your day everyone?""
Se suka itu dia sama nama Jamal ğŸ˜­ğŸ˜­â€¦ https://t.co/olcD8RGpIA"
2021-11-25 9:10:08,"Waaaah I hope I'm a ACE MEMBERS IN BUBBLEğŸ˜­ğŸ˜­ğŸ˜­
#NCT2021_UNIVERSE
#NCTDREAM
#NCT127
#jamal https://t.co/PPZOvHVvK9"
2021-11-25 9:01:35,"Jaehyun's voice calms my working ass today! Thaaaank u Jamal my love! ğŸ¥ºğŸ’šğŸ’š

#Jamal #Jaehyun"
2021-11-25 8:50:06,"ğŸ“² hello,this is #JAMAL speaking amsjsjdjdbdjdndmdkdms ğŸ˜­ğŸ˜­ğŸ˜­ğŸ˜­ kanget bgt sm lu jamal #JAEHYUN"
2021-11-24 23:35:25,Now playing Beez Like That on https://t.co/OaroJmP5X4 #ListenLive #only1djsmitty by #Jamal!
2021-11-24 20:38:32,RT @YarlYOMSBORG: @PWindhoff @JulianRoepcke #NS2 by German broken EU #RofL #RofDiversityGasSupply allow agression Putin..#Jamal is for CE Eâ€¦
2021-11-24 20:32:14,@PWindhoff @JulianRoepcke #NS2 by German broken EU #RofL #RofDiversityGasSupply allow agression Putin..#Jamal is foâ€¦ https://t.co/S59aqmD0KE
2021-11-24 20:05:32,@JulianRoepcke @ABaerbock @c_lindner @OlafScholz Instead abandon #NordStream2 German #NEWGov  support putin hibridâ€¦ https://t.co/NHWkX2rtkv
2021-11-24 16:25:00,"#Wanda and #Jamal ""are all set for year 6!"" #Thanksgiving
https://t.co/Ie3y7KEv66 https://t.co/BrO1n5rWVh"
2021-11-24 16:03:30,RT @Jamal_the_cat: sweet boy #CatsOfTwitter #jamal https://t.co/AalTegztoZ
2021-11-24 16:03:25,sweet boy #CatsOfTwitter #jamal https://t.co/AalTegztoZ
2021-11-24 10:06:10,"RT @YarlYOMSBORG: @vonderleyen 1st Dont lie u dont support Poland 25mln / 800mlnEur of  wall DoubleStnd NOforPLwhatESPcanPushback
#PolandStâ€¦"
2021-11-24 6:55:17,RT @JJTYONGS: #JAMAL: spin the bottle https://t.co/JXvgCFR5Qx
2021-11-23 20:53:59,"RT @YarlYOMSBORG: @vonderleyen 1st Dont lie u dont support Poland 25mln / 800mlnEur of  wall DoubleStnd NOforPLwhatESPcanPushback
#PolandStâ€¦"
2021-11-23 18:00:23,@vonderleyen 1st Dont lie u dont support Poland 25mln / 800mlnEur of  wall DoubleStnd NOforPLwhatESPcanPushbackâ€¦ https://t.co/wnjgndObEZ
2021-11-23 14:50:08,"Blessed. We are blessed
#Jamal https://t.co/thKu20bnkk"
2021-11-22 21:56:51,"man crush monday, ladiesssss! ğŸ˜ŠğŸ•Œ
#jamal #getinthere u guys seen the joker yet? :P https://t.co/mnHnd7AQqm"
2021-11-22 19:29:38,Watching #MethodMan and #RedMan on #PowerGhost got me shocked thinking of #howhigh #Silas and #Jamal
2021-11-22 18:12:58,Anyone is exploring about 'Jamal' at this moment on our website. https://t.co/mATM7l8zVG #Jamal
2021-11-22 14:42:22,RT @Jamal_the_cat: ferocious beastie loves some ham #CatsOfTwitter #jamal https://t.co/eVYh3CmGq3
2021-11-22 14:42:16,ferocious beastie loves some ham #CatsOfTwitter #jamal https://t.co/eVYh3CmGq3
2021-11-22 12:54:06,"Jaehyun 
Photobook nature Republic
Healing time
#jaehyun #jamal #jaehyunnct https://t.co/x5S2o4aI9d"
2021-11-21 19:02:28,Fiancee of #slain journalist #Jamal Khashoggi urges #Justin Bieber to cancel #Saudi Formul - Nov 21 @ 2:00 PM ET [vâ€¦ https://t.co/qv61cRLwuQ
2021-11-21 18:47:04,RT @CallMeButler_: Nothing but #love for these #guys â€¦ @King_Lonnie_95  â¤ï¸ ğŸ’ªğŸ½â™¥ï¸ ğŸ’ªğŸ½ğŸ’œ ğŸ’ªğŸ½ #jamal https://t.co/9mwsqfe1YC
2021-11-21 5:52:00,Why #Jamal employed by @Channel4 written hate messages against #Tigrayay|ns many times and allowed to correspondeceâ€¦ https://t.co/hn9aBslZzp
2021-11-20 15:30:50,JAMALLL NCT U ğŸ˜˜ğŸ˜˜ğŸ˜˜ @imemerang #JAMAL #JAEHYUN #NCT https://t.co/R3hH58ZohF
2021-11-20 15:27:19,RT @Jamal_the_cat: lil babyğŸ¥º #CatsOfTwitter #jamal #sweetprince https://t.co/Ypjm8ZDDxx
2021-11-20 15:22:02,RT @Jamal_the_cat: lil babyğŸ¥º #CatsOfTwitter #jamal #sweetprince https://t.co/Ypjm8ZDDxx
2021-11-20 15:21:13,lil babyğŸ¥º #CatsOfTwitter #jamal #sweetprince https://t.co/Ypjm8ZDDxx
2021-11-20 11:58:32,"RT @TesfayTsehaye6: @JamalMOsman has a bitter hatred towards the people of #Tigray, NOT the #TPLF. But, my question for #Jamal is that whyâ€¦"
2021-11-20 11:57:10,"RT @TesfayTsehaye6: @JamalMOsman has a bitter hatred towards the people of #Tigray, NOT the #TPLF. But, my question for #Jamal is that whyâ€¦"
2021-11-20 11:36:12,"RT @kbcenglish: @KenyaBoxing is holding the finals of the Jamal Cup at the Nairobi Charter Hall. 
The event will be used to select Team Kenâ€¦"
2021-11-20 11:18:17,"@KenyaBoxing is holding the finals of the Jamal Cup at the Nairobi Charter Hall. 
The event will be used to selectâ€¦ https://t.co/3Iu175Mzy8"
2021-11-20 11:01:12,"@JamalMOsman has a bitter hatred towards the people of #Tigray, NOT the #TPLF. But, my question for #Jamal is thatâ€¦ https://t.co/8QqNFa8Nho"
2021-11-20 6:29:06,"@gekiros @Channel4 #Jamal is a partisan reporter on #TigrayGenocide. 
He hates the #TPLF and doesn't even try to beâ€¦ https://t.co/aMsh6GTxwV"
2021-11-19 12:45:59,"#Jamal mohumed Osman posted his fb account: ""I wonder why the US, with all its might, money, influence and access tâ€¦ https://t.co/QE6LsRJmlQ"
2021-11-19 9:31:32,"RT @Byun_ndaa: Jamal and mahenğŸ¤©â¤ï¸ğŸ¥°ğŸ’—ğŸ˜†ğŸŒš
#jamal #mahen #ShopeexNCT127 https://t.co/ifh2Gf6NFf"
2021-11-19 7:07:11,"@VMette2001 @ThreeSeas24 Simple answer: Yes. 

And this is what itâ€™s all about..

Current #Jamal contract (10bcm anâ€¦ https://t.co/IPUuis7pQh"
2021-11-18 15:19:48,"My God he looks so good 

#JAEHYUN #JAMAL #NCT127 #NCT #Universe https://t.co/kS8i1vIHmp"
2021-11-18 15:14:01,"#JaeHyun #Jamal 

JAMAL:                     THE WORLD: https://t.co/8dgFcs6rPo"
2021-11-18 13:14:20,"Amal #Jamal:
Since #Israeli archives &amp; mil authorities continue to censor historical documents related to the ops.â€¦ https://t.co/AN0jKXB4CM"
2021-11-18 8:29:29,RT @yourmoonandsun1: dont forget to vote NCT on https://t.co/ln98l4KCAc guys!!! -#NCT2021 #NCT_Universe #NCTDREAM #MarkLeeSpiderman #JENO #â€¦
2021-11-17 23:27:18,"ğŸ‘‰ $119.99 ğŸ‘ˆ
NFL PRO LINE Mens Jamal Adams College Navy Seattle Seahawks Team Jersey @topfanscorner 
 #PRO #LINEâ€¦ https://t.co/icojbnJefZ"
2021-11-17 21:16:17,dont forget to vote NCT on https://t.co/ln98l4KCAc guys!!! -#NCT2021 #NCT_Universe #NCTDREAM #MarkLeeSpidermanâ€¦ https://t.co/K53DjzvGNk
2021-11-17 18:13:10,"RT @topfanscorner: ğŸ‘‰ $119.99 ğŸ‘ˆ
NFL PRO LINE Mens Jamal Adams College Navy Seattle Seahawks Team Jersey @topfanscorner 
 #PRO #LINE #Mens #Jâ€¦"
2021-11-17 18:11:50,"ğŸ‘‰ $119.99 ğŸ‘ˆ
NFL PRO LINE Mens Jamal Adams College Navy Seattle Seahawks Team Jersey @topfanscorner 
 #PRO #LINEâ€¦ https://t.co/5qslOgRvJI"
2021-11-17 12:53:22,RT @Jamal_the_cat: He always says â€œheyâ€ to us I love it sm #CatsOfTwitter #jamal #bigbaby https://t.co/4Mo4zcViIE
2021-11-17 12:53:17,He always says â€œheyâ€ to us I love it sm #CatsOfTwitter #jamal #bigbaby https://t.co/4Mo4zcViIE